{"type":"PlanScript","uri":null,"category":null,"eTag":null,"created":null,"modified":null,"id":"9021940e-84db-4cf6-8eb1-a1477e9097be","name":"Linux-configure-users-Deploy-FDZ","description":"Set root password and create user accounts during the deployment process. Tested successfully with RHEL 7.5, CentOS 7.5 and SLE 15.","status":null,"state":null,"planType":"deploy","content":"# ############################################\n# Linux-configure-users-Deploy-FDZ\n# Version: 0.4\n#############################################\n# (c) Copyright 2017 Hewlett Packard Enterprise Development LP\n#\n# Licensed under the Apache License, Version 2.0 (the \"License\");\n# you may not use this file except in compliance with the License.\n# You may obtain a copy of the License at http://www.apache.org/licenses/LICENSE-2.0\n#\n# Unless required by applicable law or agreed to in writing, software distributed\n# under the License is distributed on an \"AS IS\" BASIS, WITHOUT WARRANTIES OR\n# CONDITIONS OF ANY KIND, either express or implied. See the License for the\n# specific language governing permissions and limitations under the License.\n\n# The output of the following 4 guestfish echo commands goes\n# in the OS-Volume Activity log file.\necho \"=======================================\"\necho \"Linux-configure-users-Deploy-FDZ\"\necho \"=======================================\"\necho \"\\tPrepare sript to change root's password during next reboot\"\n\n# The following bash script is written in the OS-Volume\n# /temp/change_root_passwd file. It will be executed by \n# RC-FILE during next reboot.\nupload -<<END /temp/change_root_passwd\n#! /bin/bash\n# The following echo commands write the name of this script\n# in the OS log file. Typically /var/log/messages.\necho \"Entering ${0}...\"\n\n# Retrieve OS-Type and set OS-Type dependent variables.\nOS_Type=$(cat /temp/OS-Type)\n\ncase $OS_Type in\n    rhel|centos)\n        # ToDo: it may be possible to use chpasswd as in SLES...\n        echo \"@NewRootPassword@\" | passwd root --stdin\n        ;;\n    sles)\n        echo \"root:@NewRootPassword@\" | chpasswd\n        ;;\n    *)\n        echo \"OS Type not supported. Exiting. \"\n        exit 1\n        ;;\nesac\necho \"Exiting ${0}...\"\n\n# The following command delete the current script.\nunlink $0\nEND\n\n# The output of the following echo commands goes\n# in the OS-Volume Activity log file.\necho \"\\tPrepare /temp/add_users script to add new user(s)\"\necho \"\\tand set their password.\"\n\n# The following script will be executed by the RC file\n# during the next reboot (see below).\nupload -<<END /temp/add_users\n#!/bin/bash\n\n# The following echo commands prints the name of\n# this script in the OS log file. Typically /var/log/messages.\necho \"Entering ${0}...\"\n\n# Retrieve OS-Type and set OS-Type dependent variables.\nOS_Type=$(cat /temp/OS-Type)\n\necho  \"Add comment in /etc/{group,passwd}\"\n# Add comments in passwd and group files to delimit the start of Image Streamer modifications\n[[ \"$OS_Type\" == \"rhel\" ||  \"$OS_Type\" == \"centos\" ]] && sed -i -e '$a\\#START of Image Streamer modifications' /etc/group\nsed -i -e '$a\\#START of Image Streamer modifications' /etc/passwd\n\n# The following variable contains the list of the \n# new users to create, separated by a comma (,) or a semi-colon (;).\nusers_string=\"@NewUsers@\"\n\n#Users will be added with the same password. On first login users will have to change their password.\npassword=\"@NewUsersPassword@\"\nIFS=',; ' read -r -a array <<< \"$users_string\"\nfor user in \"${array[@]}\"\ndo\n\tif [ $(id -u) -eq 0 ]; then\n\t\t\tegrep \"$user\" /etc/passwd >/dev/null\n\t\t\tif [ $? -eq 0 ]; then\n\t\t\t\t\techo \"Warning: $user exists!\"\n\t\t\telse\n                                        case $OS_Type in \n                                             rhel|centos)\n\t\t\t\t\t         useradd -m $user\n\t\t\t\t\t         chage -d 0 $user\n\t\t\t\t\t         # ToDo: it may be possible to use chpasswd as in SLES...\n                                                 # echo $password | passwd $user --stdin\n                                                 echo \"$user:$password\" | chpasswd \n\t\t\t\t\t         [ $? -eq 0 ] && echo \"User $user has been added to system!\" || echo \"Failed to add a user!\"\n                                                 ;;\n                                             sles)\n                                                    useradd -m $user\n                                                    echo \"$user:$password\" | chpasswd\n                                                    [ $? -eq 0 ] && echo \"User $user has been added to system!\" || echo \"Failed to add a user!\"\n                                                     ;;\n                                              *)\n                                                    echo \"OS Type: $OS_TYPE not supported. Exiting.\"\n                                                    exit 1\n                                                     ;;\n                                         esac\n\n\t\t\tfi\n\telse\n\t\t\techo \"Error: Unable to add $user\"\n                        exit 2\n\tfi\ndone\n\n# Add comments in passwd file to delimit the end of Image Streamer modifications:\nsed -i -e '$a\\#END of Image Streamer modifications' /etc/passwd\n[[ \"$OS_Type\" == \"rhel\" ||  \"$OS_Type\" == \"centos\" ]] && sed -i -e '$a\\#END of Image Streamer modifications' /etc/group\n\n# The outuput of the following shell command goes\n# in the OS log file. Typically /var/log/messages.\necho \"Exiting ${0}...\"\n\n# Delete this script from the OS-Volume temporary directory.\nunlink $0\nEND\n\n# The output of the following echo command goes in \n# the OS-Volume Activity log file.\necho \"\\tAdd change_root_passwd and add_users scripts to RC file to run at boot time.\"\n\n# The following Image Streamer commands append lines\n# in the RC file already present in the Image Streamer.\n!echo \"sh /temp/change_root_passwd\" >> ./RC-FILE\n!echo \"sh /temp/add_users\" >> ./RC-FILE","customAttributes":null,"hpProvided":false,"dependentArtifacts":null}