{"type":"PlanScript","uri":null,"category":null,"eTag":null,"created":null,"modified":null,"id":"417470fe-590b-4c86-b331-8cabb35b2a7e","name":"Unmount-GeneralPS","description":"Unmounts all the guestfish mounted partition(s). It can be used in both Capture and Deploy OS Build Plans, legacy or UEFI based deployment BPs.","status":null,"state":null,"planType":"general","content":"#################################################\n# Unmount-GeneralPS\n# Version: 0.45\n#################################################\n# (c) Copyright 2017 Hewlett Packard Enterprise Development LP\n#\n# Licensed under the Apache License, Version 2.0 (the \"License\");\n# you may not use this file except in compliance with the License.\n# You may obtain a copy of the License at http://www.apache.org/licenses/LICENSE-2.0\n#\n# Unless required by applicable law or agreed to in writing, software distributed\n# under the License is distributed on an \"AS IS\" BASIS, WITHOUT WARRANTIES OR\n# CONDITIONS OF ANY KIND, either express or implied. See the License for the\n# specific language governing permissions and limitations under the License.\n\n# The following 4 echo commands are executed by the guestfish shell.\n# Their output goes in the OS-Volume Activity log file.\necho\necho \"=======================================\"\necho \"Unmount-GeneralPS\"\necho \"=======================================\"\n\n# The following commands are executed by the guestfish shell. \n# Their output goes in the OS-Volume Activity log file.\necho \"    Unmount all guestfish mounted partition(s)\"\nunmount-all\necho\necho","customAttributes":null,"hpProvided":false,"dependentArtifacts":null}