{"type":"PlanScript","uri":null,"category":null,"eTag":null,"created":null,"modified":null,"id":"66f5f3ff-0641-435d-866d-005df6b813e0","name":"Mount-UEFI-Partition-GeneralPS","description":"Mount the UEFI vfat partition of the OS-Volume. Suitable for both Capture and Deploy OS Build Plans. Must be the first step of OS Build Plans.","status":null,"state":null,"planType":"general","content":"# ##########################################\n# Mount-UEFI-Partition-GeneralPS-EFI\n# Version: 0.1\n# ##########################################\n\n# (c) Copyright 2017 Hewlett Packard Enterprise Development LP\n#\n# Licensed under the Apache License, Version 2.0 (the \"License\");\n# you may not use this file except in compliance with the License.\n# You may obtain a copy of the License at http://www.apache.org/licenses/LICENSE-2.0\n#\n# Unless required by applicable law or agreed to in writing, software distributed\n# under the License is distributed on an \"AS IS\" BASIS, WITHOUT WARRANTIES OR\n# CONDITIONS OF ANY KIND, either express or implied. See the License for the\n# specific language governing permissions and limitations under the License.\n\n\n# NOTE: The output of guestfish commands goes to the OS-Volume\n# Activity log file ONLY if the first mount command is successful.\n# If the first mount command fails, you must check the\n# Image Streamer Activity log file to understand why\n# the first mount command failed.\n\n\n\n# The output of the following guestfish echo commands goes \n# into the OS-Volume Activity log file.\necho \"=======================================\"\necho \"Mount-UEFI-Partition-GeneralPS-EFI\"\necho \"=======================================\"\necho \"Version of the libguestfs running in the Image Streamer:\"\nversion\necho\n \n# The following guestfish command lists the file systems\n# present in the OS-Volume. It is there mostly for\n# debug purposes.\necho\necho \"List of file systems present in the OS-Volume:\"\nlist-filesystems\necho\n\n# Redirect the output of the list-filesystems \n# guestfish command into the Image Streamer cat command\n# which create a list-fs file with the list of file systems.\nlist-filesystems | cat > ./list-fs\n\n# Print the mount command for debug purposes. This command \n# is executed bu the Image Streamer.\necho \"Mount Command:\"\n!awk -F: '/vfat/ {print \"mount\", $1, \"/\"}' ./list-fs\n\n# Perform the mount command.\n# The \"<\" sign tells guestfish to execute the mount command created by IS.\n<!awk -F: '/vfat/ {print \"mount\", $1, \"/\"}' ./list-fs","customAttributes":null,"hpProvided":false,"dependentArtifacts":null}