{"type":"OeBuildPlan","uri":null,"category":null,"eTag":null,"created":null,"modified":null,"buildPlanid":"2caa0acc-deca-47ce-b474-6a00003dbe59","name":"Linux-DeployBP-FDZ","description":"Deploys Linux. Not suitable for XenServer Tested with CentOS-1810 and SLE 15","status":null,"hpProvided":false,"oeBuildPlanType":"deploy","buildStep":[{"planScriptUri":"/rest/plan-scripts/742ca947-41c5-4bd0-a203-00a4bd52618f","serialNumber":"1","parameters":null,"planScriptName":"Mount-and-Validate-GeneralPS-FDZ"},{"planScriptUri":"/rest/plan-scripts/5cbe975f-68f7-4ee8-b55a-9a23b65abacb","serialNumber":"2","parameters":null,"planScriptName":"Prepare-for-DeploymentPS-FDZ"},{"planScriptUri":"/rest/plan-scripts/ccdd006c-5adf-4d95-b89b-0bbf3e319977","serialNumber":"3","parameters":null,"planScriptName":"Linux-configure-multiple-NICs-DeployPS-FDZ"},{"planScriptUri":"/rest/plan-scripts/87bb1f41-26b1-42f7-a8a6-3d4067d6cef2","serialNumber":"4","parameters":null,"planScriptName":"Linux-configure-hostname-DeployPS-FDZ"},{"planScriptUri":"/rest/plan-scripts/21d5deaa-df1e-46eb-8a55-fa06ddd9fb03","serialNumber":"5","parameters":null,"planScriptName":"Linux-configure-users-DeployPS-FDZ"},{"planScriptUri":"/rest/plan-scripts/d08a3ed3-bc49-4c2d-b786-873bde211c40","serialNumber":"6","parameters":null,"planScriptName":"Linux-manage-security-services-DeployPS-FDZ"},{"planScriptUri":"/rest/plan-scripts/1195fdb9-e85b-4df4-8072-82155fc1ab9a","serialNumber":"7","parameters":null,"planScriptName":"Finalize-DeploymentPS-FDZ"},{"planScriptUri":"/rest/plan-scripts/417470fe-590b-4c86-b331-8cabb35b2a7e","serialNumber":"8","parameters":null,"planScriptName":"Unmount-GeneralPS-FDZ"}],"customAttributes":[{"name":"SELinux","description":"","value":"disabled","constraints":"{}","type":"string"},{"name":"DomainName","description":"","value":"etss.lab","constraints":"{\"regex\":\"\",\"helpText\":\"\"}","type":"string"},{"name":"NIC4","description":"","value":null,"constraints":"{\"ipv4static\":true,\"ipv4dhcp\":true,\"ipv4disable\":true,\"parameters\":[\"dns1\",\"dns2\",\"domain\",\"gateway\",\"ipaddress\",\"mac\",\"netmask\",\"vlanid\"]}","type":"nic"},{"name":"NewUsersPassword","description":"","value":"password","constraints":"{\"regex\":\"\",\"helpText\":\"\"}","type":"string"},{"name":"SELinuxType","description":"","value":"targeted","constraints":"{}","type":"string"},{"name":"SSH","description":"","value":"Enabled","constraints":"{}","type":"string"},{"name":"NewRootPassword","description":"","value":"password","constraints":"{\"regex\":\"\",\"helpText\":\"\"}","type":"string"},{"name":"NIC1","description":"","value":null,"constraints":"{\"ipv4static\":true,\"ipv4dhcp\":true,\"ipv4disable\":true,\"parameters\":[\"dns1\",\"dns2\",\"domain\",\"gateway\",\"ipaddress\",\"mac\",\"netmask\",\"vlanid\"]}","type":"nic"},{"name":"NewUsers","description":"","value":"toto,titi","constraints":"{\"regex\":\"\",\"helpText\":\"\"}","type":"string"},{"name":"NIC2","description":"","value":null,"constraints":"{\"ipv4static\":true,\"ipv4dhcp\":true,\"ipv4disable\":true,\"parameters\":[\"dns1\",\"dns2\",\"domain\",\"gateway\",\"ipaddress\",\"mac\",\"netmask\",\"vlanid\"]}","type":"nic"},{"name":"HostName","description":"","value":"centosfdz","constraints":"{\"regex\":\"\",\"helpText\":\"\"}","type":"string"},{"name":"NIC3","description":"","value":null,"constraints":"{\"ipv4static\":true,\"ipv4dhcp\":true,\"ipv4disable\":true,\"parameters\":[\"dns1\",\"dns2\",\"domain\",\"gateway\",\"ipaddress\",\"mac\",\"netmask\",\"vlanid\"]}","type":"nic"}],"dependentArtifacts":null}