{"type":"PlanScript","uri":null,"category":null,"eTag":null,"created":null,"modified":null,"id":"5cbe975f-68f7-4ee8-b55a-9a23b65abacb","name":"Prepare-for-DeploymentPS-FDZ","description":"Validate the Golden Image/OS-Volume against invalid  captures and prepare the RC file to be modified by the deployment Plan Scripts.\nWhen needed, copy the bootloader in the EFI/BOOT directory of the UEFI partition. \n\nTested with CentOS-1810, XenServer 7.6. Should work fine with SLE 15","status":null,"state":null,"planType":"deploy","content":"# ##########################################\n# Prepare-for-DeploymentPS-FDZ\n# Version: 0.2\n# ##########################################\n\n# (c) Copyright 2017 Hewlett Packard Enterprise Development LP\n#\n# Licensed under the Apache License, Version 2.0 (the \"License\");\n# you may not use this file except in compliance with the License.\n# You may obtain a copy of the License at http://www.apache.org/licenses/LICENSE-2.0\n#\n# Unless required by applicable law or agreed to in writing, software distributed\n# under the License is distributed on an \"AS IS\" BASIS, WITHOUT WARRANTIES OR\n# CONDITIONS OF ANY KIND, either express or implied. See the License for the\n# specific language governing permissions and limitations under the License.\n\n\n# NOTE: The output of guestfish commands goes to the OS-Volume\n# Activity log file ONLY if the first mount command is successful.\n# If the first mount command fails, you must check the\n# Image Streamer Activity log file to understand why\n# the first mount command failed.\n\n\n\n# The output of the following guestfish echo commands goes \n# into the OS-Volume Activity log file.\necho\necho \"=======================================\"\necho \"Prepare-for-DeploymentPS-FDZ\"\necho \"=======================================\"\necho\n\n# Some OSs like CentOS and XerServer need the\n# bootloader in the /EFI/BOOT directory of the UEFI vfat partition. \n# \n# NOTE: the following code should be re-written with a case-esac to be nicer....\n#\n\n# CentOS\n<!if $(grep -q \"centos\" ./OS-Type) ; then echo 'echo \"    CentOS: Copying the bootloader in the /EFI/BOOT directory of the UEFI partition.\"' ; fi\n<!if $(grep -q \"centos\" ./OS-Type) ; then awk -F \":\" '/vfat/ {print \"-mount\", $1, \"/boot\"}' ./list-fs; fi\n<!if $(grep -q \"centos\" ./OS-Type) ; then echo \"cp /boot/EFI/centos/grubx64.efi /boot/EFI/BOOT/.\" ; fi\n\n# XenServer\n<!if $(grep -q \"xen\" ./OS-Type) ; then echo 'echo \"    XenServer: Copying the bootloader in the /EFI/BOOT directory of the UEFI partition.\"' ; fi\n<!if $(grep -q \"xen\" ./OS-Type) ; then awk -F \":\" '/vfat/ {print \"-mount\", $1, \"/boot\"}' ./list-fs; fi\n<!if $(grep -q \"xen\" ./OS-Type) ; then echo \"-mkdir /boot/EFI/BOOT \" ; echo \"cp /boot/EFI/xenserver/grubx64.efi /boot/EFI/BOOT/bootx64.efi\" ; fi\n\n# In case of XenServer create a bootx64.cfg file. \nupload -<<END /temp/bootx64.cfg-for-XenServer\ndefault=0\ntimeout=2\ntitle Chainloader switch to Xenserver\n root (hd0,0)\n chainloader /EFI/XENSERVER/GRUBX64.EFI\nEND\n\n# If XenServer move the pre-created bootx64-cfg to /boot/EFI/BOOT/bootx64.cfg\n<!if $(grep -q \"xen\" ./OS-Type) ; then echo 'echo \"    XenServer: Moving pre-created bootx64.cfg to /boot/EFI/BOOT/ directory.\"' ; fi\n<!if $(grep -q \"xen\" ./OS-Type) ; then echo \"-mv /temp/bootx64.cfg-for-XenServer /boot/EFI/BOOT/bootx64.cfg\" ; fi\n\n\n# The output of the following guestfish command\n# goes in the OS-Volume Activity log file.\necho \"    Check Image Streamer capture details\"\n\n# The following guestfish command copies out the /ImageStreamerCapture\n# file from the OS-Volume to the Image Streamer. If this command\n# fails, guestfish will continue anyway.\n-download /ImageStreamerCapture ./ImageStreamerCapture\n\n# Creation of a shell script in the OS-Volume to check \n# if it has been correctly generated by a valid Golden Image.\n# This script will be pushed out to the Image Streamer for\n# execution.\n# Because the execution of this script is performed by the Image\n# Streamer, the output of its commands (i.e. echo) goes\n# in the OS-Volume Activity log file.\nupload -<<END /temp/ImageStreamer/check_capture\n#!/bin/bash\nif [ -f ./ImageStreamerCapture ]; then\n echo \"    Capture details:\"\n cat ./ImageStreamerCapture\nelse\n echo\n echo \"WARNING: Golden Image not captured by Image Streamer.\"\n echo \"Golden Image may not be prepared for correct customization.\"\n echo \"Recommend deploying Golden Image as is and capturing a new\"\n echo \"Golden Image using Image Streamer via correct capture Build Plan\"\n echo\nfi\necho\nEND\n\n# The following command copies out the above script\n# to the Image Streamer.\ndownload /temp/ImageStreamer/check_capture ./check_capture\n\n# The following commands asks the Image Streamer to launch the \n# above script.\n!source ./check_capture\n\n\n# The following guestfish commands cleans\n# several files in the OS-Volume. They will\n# be re-created by the corresponding systemctl services.\n# If a file does not exist, guestfish will continue anyway.\necho \"    Cleanup various files (for safety)\"\n-rm-f /var/log/messages\n-rm-f /var/log/wtmp\n-rm-f /var/log/btmp\n-rm-f /var/log/secure\n\n# Guestfish removal of the /ImageStreamerCapture file.\n# We don't need it anymore since we are now in an OS-Volume\n# and not a Golden Image anymore.\n-rm-f /ImageStreamerCapture","customAttributes":null,"hpProvided":false,"dependentArtifacts":null}