{"type":"PlanScript","uri":null,"category":null,"eTag":null,"created":null,"modified":null,"id":"742ca947-41c5-4bd0-a203-00a4bd52618f","name":"Mount-and-Validate-GeneralPS-FDZ","description":"Mount the root partition of the OS-Volume depending on the OS type found in the OS-Volume. Suitable for both Capture and Deploy OS Build Plans. Must be the first step of OS Build Plans. Tested with TBD","status":null,"state":null,"planType":"general","content":"# ##########################################\n# Mount-and-Validate-GeneralPS-FDZ\n# Version: 0.58\n# ##########################################\n\n# (c) Copyright 2017 Hewlett Packard Enterprise Development LP\n#\n# Licensed under the Apache License, Version 2.0 (the \"License\");\n# you may not use this file except in compliance with the License.\n# You may obtain a copy of the License at http://www.apache.org/licenses/LICENSE-2.0\n#\n# Unless required by applicable law or agreed to in writing, software distributed\n# under the License is distributed on an \"AS IS\" BASIS, WITHOUT WARRANTIES OR\n# CONDITIONS OF ANY KIND, either express or implied. See the License for the\n# specific language governing permissions and limitations under the License.\n\n\n# NOTE: The output of guestfish commands goes to the OS-Volume\n# Activity log file ONLY if the first mount command is successful.\n# If the first mount command fails, you must check the\n# Image Streamer Activity log file to understand why\n# the first mount command failed.\n\n\n\n# The output of the following guestfish echo commands goes \n# into the OS-Volume Activity log file.\necho \"=======================================\"\necho \"Mount-and-Validate-GeneralPS-FDZ\"\necho \"=======================================\"\necho \"Version of the libguestfs running in the Image Streamer:\"\nversion\necho\n \n# The following guestfish command lists the file systems\n# present in the OS-Volume. It is there mostly for\n# debug purposes.\necho\necho \"List of file systems present in the OS-Volume:\"\nlist-filesystems\necho\n\n# Redirect the output of the list-filesystems \n# guestfish command into the Image Streamer cat command\n# which create a list-fs file with the list of file systems.\nlist-filesystems | cat > ./list-fs\n\n\n# Testing File System type. XFS is not supported by libguestfs before version 12.el7_6.1.\n# The following should be rewritten and effectively against \n# the version of libguestfs.\n!if $(grep -q -i xfs ./list-fs) ; then echo \"XFS may not be supported with this version of ImageStreame. This Plan Script may fail abruptly very shortly\" ; fi\n\n# Search for the OS device. The output of the \n# inspect-os guestfish command goes out, into a file in the \n# Image Streamer. \ninspect-os | cat > ./OS-Dev\n\n# For debug purposes we print the content of the ./OS-Dev\n# file. It should contain only one line. However, the version of \n# guestfish used by OV 4.1 is buggy; on certain OS-Volumes (i.e. CentOS 7) \n# inspect-os returns several lines. \necho\necho \"List of OS devices found by guestfish (inspect-get-os):\" \n!cat ./OS-Dev\necho\n\n# NOTE: The following is a dirty fix of the buggy inspect-os \n# returning more than one OS. Basically, we noticed that \n# guestfish incorrectly proposes the vfat/UEFI partition \n# as an OS. Hence we remove the vfat partition from the \n# ./OS-Dev file:\n!if [ $(cat ./OS-Dev | wc -l) -eq 2 ] ;then VFAT_DEV=$(awk -F \":\" '/vfat/ {print $1}' list-fs); awk -v vfat_dev=$VFAT_DEV '$0 != vfat_dev {print $0}' ./OS-Dev > ./OS-Dev2 ; mv ./OS-Dev2 ./OS-Dev ; fi\n\n# Create the mount command and execute it. The !awk \n# command is executed by the Image Streamer. It prints\n# the mount command.\n# The \"<\" sign tells guestfish to execute the mount command.\necho \"Mount Command:\"\n\n# Print the mount command for debug purposes:\n!awk '/dev/ {print \"mount\", $0, \"/\"}' ./OS-Dev\n\n# Perform the mount command:\n<!awk '/dev/ {print \"mount\", $0, \"/\"}' ./OS-Dev\n\n# The output of the following guestfish command\n# goes in the OS-Volume/Golden Image Activity log file.\necho \"    Create temporary directory /temp/ImageStreamer\"\n-mkdir-p /temp/ImageStreamer\n\n# Retrieve the OS type.\n# The following \"cat\" command is executed by the guestfish shell. It sends \n# its output to the Image Streamer \"awk\" command which extracts the \n# ID property containing the OS Type. The output of the awk command\n# goes into the ./OS-Type in the Image Streamer.\n# The OS-Type is useful to distinguish Red Hat and SUSE specificity.\n# NOTE: It should be possible to use the guestfish inspect-get-distro\n# command to do the same.\ncat /etc/os-release | awk -F '\"' '/^ID=/ {print $2}' > ./OS-Type\n\n!echo -n \"OS-Type: \"\n!cat ./OS-Type\n# Pull of the ./OS-Type from the Image Streamer\n# to the temporary directory:\necho \"Copy in the OS-Type file in the OS-Volume/Golden Image\"\nupload ./OS-Type /temp/OS-Type\n\n# Guestfish copy-out the OS-Volume RC file\n# to the Image Streamer so Plan Scripts (Capture and Deploy)\n# can append commands in it.\n#\n# The output of the following echo command goes\n# in the OS-Volume Activity log file.\n<!awk '/rhel/ || /centos/ || /xen/ {print \"echo Copy out rc.local\"} ; /sles/ {print \"echo Copy out after.local\"}' ./OS-Type\n\n# Before the copy-out we touch it, just in case it does not exists. \n<!awk '/rhel/ || /centos/ || /xen/ {print \"touch /etc/rc.d/rc.local\"} ; /sles/ {print \"touch /etc/init.d/after.local\"}' ./OS-Type\n<!awk '/rhel/ || /centos/ || /xen/ {print \"download /etc/rc.d/rc.local ./RC-FILE\"} ; /sles/ {print \"download /etc/init.d/after.local ./RC-FILE\"}' ./OS-Type\n\n# copy-out to the Image Streamer a backup of the RC file\necho \"    Copy out a backup of the RC file\"\n<!awk '/rhel/ || /centos/ || /xen/ {print \"download /etc/rc.d/rc.local ./RC-FILE.backup\"} ; /sles/ {print \"download /etc/init.d/after.local ./RC-FILE.backup\"}' ./OS-Type\n\n#Setup RC file to run scripts at next boot time.\n# The following echo command is executed by the Image Streamer.\n# Its output is appended to the just copied-out rc.local file.\n!echo \"#The following commands have been added by the Image Streamer\" >> ./RC-FILE\n\necho \"Make sure RC file begins with !#/bin/bash\" \n!sed -i '1s/#!\\/bin\\/bash//' ./RC-FILE\n!sed -i '1i #!/bin/bash' ./RC-FILE\n\necho \"print out the content the RC file for debug purposes.\" \n!cat ./RC-FILE\necho","customAttributes":null,"hpProvided":false,"dependentArtifacts":null}