{"type":"PlanScript","uri":null,"category":null,"eTag":null,"created":null,"modified":null,"id":"810e9f8c-9b2f-4975-9f5f-ba12c72aeda1","name":"Generalize-host-before-CapturePS-FDZ","description":"Remove host configuration before capture. Tested with with RHEL7.5, CentOS 7.5, SLE 15 and XenServer 7.1.","status":null,"state":null,"planType":"capture","content":"# ##########################################\n# Generalize-host-before-CapturePS-FDZ\n# Version: 0.72\n###########################################\n# (c) Copyright 2017 Hewlett Packard Enterprise Development LP\n#\n# Licensed under the Apache License, Version 2.0 (the \"License\");\n# you may not use this file except in compliance with the License.\n# You may obtain a copy of the License at http://www.apache.org/licenses/LICENSE-2.0\n#\n# Unless required by applicable law or agreed to in writing, software distributed\n# under the License is distributed on an \"AS IS\" BASIS, WITHOUT WARRANTIES OR\n# CONDITIONS OF ANY KIND, either express or implied. See the License for the\n# specific language governing permissions and limitations under the License.\n\n\n# The output of the following echo commands goes\n# in the Golden-Image Activity log file.\necho\necho \"=======================================\"\necho \"Generalize-host-before-CapturePS-FDZ\"\necho \"=======================================\"\n\n# The following bash script will be executed by the Image Streamer shell,\n# but it is first created in the Golden-Image.\n# It creates an ImageStreamerCapture file containing some \n# text saying that the Golden Image has been created by the \n# Image Streamer.\nupload -<<END /temp/ImageStreamer/capture_details\n#!/bin/bash\n\n# The output of the following echo command goes\n# in the Golden Image Activity log file. \necho \"    Create and populate the /ImageStreamerCapture file\"\n\n# Retrieve the OS-Type in a bash variable\nOS_Type=\"$(cat OS-Type)\"\n\n# Print OS_Type in the Image Streamer Activity log file for debug purposes\necho \"    OS_Type: $OS_Type\" \n\n# The output of the following echo commands goes \n# into the Image Streamer ./ImageStreamerCapture file.\necho \"    HPE Image Streamer Capture for $OS_Type \" > ./ImageStreamerCapture\necho \"    Complete generalization by host state removal\" >> ./ImageStreamerCapture\necho -n \"    \" >> ./ImageStreamerCapture\ndate >> ./ImageStreamerCapture\nexit 0\nEND\n\n# The above script is pushed out to the Image Streamer\ndownload /temp/ImageStreamer/capture_details ./capture_details\n\n# Execution of the above script in the Image Streamer.\n# The result of this execution is the /temp/ImageStreamerCapture file.\n!source ./capture_details\n\n# Pull in the file from the Image Streamer to the Golden Image.\nupload ./ImageStreamerCapture /ImageStreamerCapture\n\n# The output of the following guestfish command goes\n# in the Golden Image Activity log file for debug purposes.\ncat /ImageStreamerCapture\n\n# Guestfish removal of the temporary capture_details script.\nrm-f /temp/ImageStreamer/capture_details\n\n# Generalize /etc/sysconfig/network with empty content\n# on RHEL type OS only.\n# If OS-Type=sles, /etc/sysconfig/network exists and is a directory.\n# Hence the following upload command will do nothing.\n-upload -<<END /etc/sysconfig/network\nEND\n\n#Generalize /etc/hostname\n-upload -<<END /etc/hostname\nlocalhost.localdomain.com\nEND\n\n# The output of this echo guestfish commands goes\n# in the Golden Image Activity log file.\necho \"    Generalize /etc/fstab file\"\n\n# Push out the Golden Image /etc/fstab file to the Image Streamer\n# for further modifications.\ndownload /etc/fstab ./fstab\n\n# Creation of a bash script in the Golden Image \n# temporary directory. This script will be pushed out\n# to the Image Streamer and executed there.\n# This script removes the line containing the string \"#This\" as well as the next line.\n# Such lines could have been added by a Plan Script adding/modifying\n# the partition schema\n# This needs to be investigated since the Plan Script could have added \n# more than one line!\nupload -<<END /temp/ImageStreamer/generalize_fstab\n#!/bin/bash\nsed -ie \"/#This/ { N; d; }\" ./fstab\nexit 0\nEND\n\n# Push out the above script to the Image Streamer\ndownload /temp/ImageStreamer/generalize_fstab ./generalize_fstab\n\n# Execution of the above script in the Image Streamer \n!source ./generalize_fstab\n\n# Pull-in the modified fstab file into the Golden Image\nupload ./fstab /etc/fstab\n\n# Guresftish removal of the potentially existing\n# LVM-Data1 file.\n-rm-rf /root/LVM-Data1\n\n# Cleanup of \nrm-f /temp/ImageStreamer/generalize_fstab\n\n# The output of the following echo guestfish command\n# goes in the Golden Image Activity log file.\necho \"    Generalize /etc/hosts file\"\n\n# Push-out of the Golden Image /etc/hosts file into the Image Streamer.\ndownload /etc/hosts ./hosts\n\n# Creation of a bash script that will be executed in the Image Streamer.\n# This script removes the line starting with string \"START\" and the next one.\n# Those 2 lines could have been added by a Network configuration\n# Plan script during a previous deployment process.\nupload -<<END /temp/ImageStreamer/generalize_hosts\n#!/bin/bash\n\nsed -ie '/^#START/ { N; d; }' ./hosts\nexit 0\nEND\n\n# Push-out the above script to the Image Streamer for execution\ndownload /temp/ImageStreamer/generalize_hosts ./generalize_hosts\n\n# Execution of the the pushed out script in the Image Streamer\n!source ./generalize_hosts\n\n# Pull-in the resulting hosts file into the Golden Image.\nupload ./hosts /etc/hosts\n\n# Cleanup of the above script\nrm-f /temp/ImageStreamer/generalize_hosts\n\necho \"    Generalize /etc/init.d directory\"\nrm-f /etc/init.d/delete_def_route\nrm-f /etc/init.d/rm_del_def_route\necho","customAttributes":null,"hpProvided":false,"dependentArtifacts":null}