{"type":"PlanScript","uri":null,"category":null,"eTag":null,"created":null,"modified":null,"id":"87bb1f41-26b1-42f7-a8a6-3d4067d6cef2","name":"Linux-configure-hostname-DeployPS-FDZ","description":"Configure hostname and populate the network directory with ifcfg-* files  and /etc/hosts. \nNOTE: This script MUST be executed after the Linux-configure-multiple-NICs-Deploy Plan Script.\n\nNOTE: The hostname is associated to the IP address of the first discovered NIC, which is shell variable iface=${array[0]})\n\nNOTE: Not suitable for XenServer","status":null,"state":null,"planType":"deploy","content":"# ############################################\n# Linux-configure-hostname-DeployPS-FDZ\n# Version: 0.53\n# ############################################\n# (c) Copyright 2017 Hewlett Packard Enterprise Development LP\n#\n# Licensed under the Apache License, Version 2.0 (the \"License\");\n# you may not use this file except in compliance with the License.\n# You may obtain a copy of the License at http://www.apache.org/licenses/LICENSE-2.0\n#\n# Unless required by applicable law or agreed to in writing, software distributed\n# under the License is distributed on an \"AS IS\" BASIS, WITHOUT WARRANTIES OR\n# CONDITIONS OF ANY KIND, either express or implied. See the License for the\n# specific language governing permissions and limitations under the License.\n\n# The output of the following 4 guestfish echo commands goes\n# to the OS-Volume Activity log.\necho\necho \"=======================================\"\necho \"Linux-configure-hostname-DeployPS-FDZ\"\necho \"=======================================\"\necho \"\\tManual configuration of /etc/hostname\"\n\n# The following guestfish upload command populates\n# the OS-Volume /etc/hostname file.\nupload -<<END /etc/hostname\n@HostName@.@DomainName@\nEND\n\n# The output of the following guestfish echo command goes in the\n# OS-Volume Activity log file.\necho \"\\tEdit /etc/sysconfig/network file to set the HOSTNAME variable\"\n\n# The following guestfish upload command populates the \n# OS-Volume network file. In case of SUSE, we will get an error\n# because /etc/sysconfig/network is a directory already present. \n# Hence we add the \"-\" to the upload command to avoid a\n# bad exit of guestfish.\n-upload -<<END /etc/sysconfig/network\n\n# This file has been altered by Image Streamer.\n\nNETWORKING=yes\nHOSTNAME=@HostName@.@DomainName@\n\nEND\n\n# The output of the following guestfish echo command goes\n# in the OS-Volume Activity log file.\necho \"\\tPreparation of the script that will add the right entry in /etc/hosts\" \n\n# The following bash script goes in the OS-Volume /temp/configure-hosts file.\n# It will be executed during next reboot \nupload -<<END /temp/configure_hosts\n#!/bin/bash\n\n# This script requires the /temp/interface_names file generated by the\n# Linux-configure-multiple-NICs plan script. \n\n# The output of the following echo command (name of this script)\n# goes into the OS log file (i.e. /var/log/messages).\necho \"Entering ${0}...\"\n\nif [ ! -f /temp/interface_names ]; then\n echo -e '\\tCould not find file /temp/interface_names.\n\\tThis script must be launched after the NICs configuration.\n\\tCannot update /etc/hosts with hostname. Exiting...'\n exit 2\nfi\n\n# This script requires all the NICs operational.\n# However, the execution time of this script during the\n# boot process is not predictable because launched asynchronously by rc.local.\n# We will wait until NICs are configured and exit after a timeout.\n\necho \"Adding a hostname record in /etc/hosts if possible\"\nlet timeout=60\nlet i=1\nifaces=`cat /temp/interface_names`\necho \"Interface_names: $ifaces\"\n#rm -f /temp/interface_names\nread -r -a array <<< $ifaces\niface=${array[0]}\n\nwhile [ $i -lt $timeout ] ; do\n ip_address=`ip a list $iface | awk '/inet / {split($2, array, \"/\" ); print array[1]}' `\n if [ -z $ip_address ] ; then\n #echo \"Length of ip_address is still 0\"\n sleep 1\n let ++i\n else\n break\n fi\ndone\n\n# Remove this script and exit if timeout is reached, \nif [ -z $ip_address ] ; then\n echo \"Could not retrieve the IPv4 addresse of $iface. Exiting\"\n # The following command deletes the current script.\n unlink $0\n exit 2\nfi\n\n# The output of the following echo command goes\n# in the OS log file. Typically /var/log/messages.\necho \"populating /etc/hosts with $ip_address (found after $i seconds..).\"\n\nfqdn=@HostName@.@DomainName@\nalias=$(echo ${fqdn%%.*} )\nsed -i \"/::1/a\\\\$ip_address $fqdn $alias\" /etc/hosts\nsed -i \"/::1/a\\\\#This file has been altered by Image Streamer.\" /etc/hosts\n\n# The output of the following bash command goes in \n# the OS log file. Typically /var/log/messages.\necho \"Exting ${0}...\"\n\n# The following command deletes the current script\nunlink $0\nEND\n\n# The output of the following guestfish command goes\n# in the OS-Volume Activity log file.\necho \"    Add the generated configure_hosts script to the RC file to run at boot time.\"\n\n# The following Image Streamer echo command appends\n# a line in the already present RC file.\n!echo \"sh /temp/configure_hosts\" >> ./RC-FILE","customAttributes":null,"hpProvided":false,"dependentArtifacts":null}