{"type":"OeBuildPlan","uri":null,"category":null,"eTag":null,"created":null,"modified":null,"buildPlanid":"8a4745bf-1e3d-4026-9a06-e6cc26a93b47","name":"CaptureBP-FDZ","description":"Capture Golden Images. Tested with CentOS 7.6 and XenServer 7.6","status":null,"hpProvided":false,"oeBuildPlanType":"capture","buildStep":[{"planScriptUri":"/rest/plan-scripts/742ca947-41c5-4bd0-a203-00a4bd52618f","serialNumber":"1","parameters":null,"planScriptName":"Mount-and-Validate-GeneralPS-FDZ"},{"planScriptUri":"/rest/plan-scripts/810e9f8c-9b2f-4975-9f5f-ba12c72aeda1","serialNumber":"2","parameters":null,"planScriptName":"Generalize-host-before-CapturePS-FDZ"},{"planScriptUri":"/rest/plan-scripts/ab35ac7a-e3b8-4892-b81d-68c701a4ae34","serialNumber":"3","parameters":null,"planScriptName":"Generalize-network-before-CapturePS-FDZ"},{"planScriptUri":"/rest/plan-scripts/2410d53e-6dc8-4af3-93cd-55c8636ea257","serialNumber":"4","parameters":null,"planScriptName":"Generalize-users-before-CapturePS-FDZ"},{"planScriptUri":"/rest/plan-scripts/35112aed-aaa3-44ef-8898-b10133e6a7e8","serialNumber":"5","parameters":null,"planScriptName":"Clean-up-after-CapturePS-FDZ"},{"planScriptUri":"/rest/plan-scripts/417470fe-590b-4c86-b331-8cabb35b2a7e","serialNumber":"6","parameters":null,"planScriptName":"Unmount-GeneralPS-FDZ"}],"customAttributes":[],"dependentArtifacts":null}