{"type":"PlanScript","uri":null,"category":null,"eTag":null,"created":null,"modified":null,"id":"ce04b105-42f4-4eaa-9af7-747470a25179","name":"Xen-RestoreDisksAndStorageRepos-DeployPS-FDZ","description":"Restore the DvD Drives, Removable storage and Local storage repositories that may have been removed during the Golden Image creation process. Suitable for XenServer only.","status":null,"state":null,"planType":"deploy","content":"# ##########################################\n# Xen-RestoreDisksAndStorageRepo-DeployPS-FDZ\n# Version: 0.4\n# ##########################################\n\n# (c) Copyright 2017 Hewlett Packard Enterprise Development LP\n#\n# Licensed under the Apache License, Version 2.0 (the \"License\");\n# you may not use this file except in compliance with the License.\n# You may obtain a copy of the License at http://www.apache.org/licenses/LICENSE-2.0\n#\n# Unless required by applicable law or agreed to in writing, software distributed\n# under the License is distributed on an \"AS IS\" BASIS, WITHOUT WARRANTIES OR\n# CONDITIONS OF ANY KIND, either express or implied. See the License for the\n# specific language governing permissions and limitations under the License.\n\n\n# The output of the following guestfish echo commands goes \n# into the OS-Volume Activity log file.\necho\necho \"=======================================\"\necho \"Xen-RestoreDisksAndStorageRepo-DeployPS-FDZ\"\necho \"=======================================\"\n\necho \" Entering Xen-RestoreDisksAndStorageRepo-DeployPS-FDZ\"\necho \" Create the RestoreDisksAndStorageRepos script\"\nupload -<<END /temp/RestoreDisksAndStorageRepos\n#!/bin/bash\n\n# Version 0.4\n# The output of the following commands goes into the\n# /var/log/daemon.log file of the XenServer deployed OS.\necho \"Entering /temp/RestoreDisksAndStorageRepos\"\n\necho \"Create DvD Drives repository if needed\"\ndvd_uuid=\"\"\ndvd_uuid=$(xe sr-list name-label='DvD Drives' | awk '/^uuid/ {print $NF}')\nif [ -z $dvd_uuid ] ; then \n echo \"Creating DvD Drives\"\n xe sr-create name-label='DvD Drives' type=udev content-type=iso \\\n device-config:location=/dev/xapi/cd name-description='Physical DVD drives' \\\n || echo \"Failed to create DvD drives repository\"\nfi\n\necho \"Create Removable Storage repository if needed\"\nrs_uuid=\"\"\nrs_uuid=$(xe sr-list name-label='Removable storage' | awk '/^uuid/ {print $NF}')\nif [ -z $dvd_uuid ] ; then \n echo \"Creating Removable storage repository\"\n xe sr-create name-label='Removable storage' \\\n type=udev content-type=disk device-config:location=/dev/xapi/blocks \\\n || echo \"Failed to create the Removable Storage\" \nfi\n\necho \"Create Local storage repository if needed and if possible\" \n# Check wether a Local storage repo is already present. \nls_uuid=\"\"\nls_uuid=$(xe sr-list name-label='Local storage' | awk '/^uuid/ {print $NF}')\nif [ ! -z $ls_part ] ; then\n\techo \"It seems that there is already a Local storage repository. No need to recover\"\n\techo \"exiting...\"\n\texit 0\nfi\n\n# If a Local storage repository spanning several devices has been created\n# during the original configuration/deployment, associated volume groups\n# are usually corrupted.\n# In this case we exit. An automated fix will come later.\nif $(pvscan 2>/dev/null | grep -i -q 'PV unknown device'); then\n\techo \"Found a corrupted LVM device(s). Exiting\" \n\texit 0\nfi\n\n\n# If a Local storage repository has been created on the iscsi\n# boot device only, we are making our best to fix it using the\n# help of the default Xen partition layout\n#\n# The basic idea is to find an unused partion and re-create a\n# LVM Local storage repository on it.\n#\n# The default XenServer7 partition layout has 5 partitions:\n#\t18 GB host control domain (dom0) partition\n#\t18 GB backup partition\n#\t0.5 GB UEFI boot partition\n#\t4 GB logs partition\n#\t1 GB swap partition\n\n# Retrieve host uuid\nhost_uuid=$(xe host-list | awk '/^uuid/ {print $NF}')\n\n# Identification of the boot disk\nroot_part=$(lsblk -rn -e 7,1 -o NAME,SIZE,TYPE,MOUNTPOINT | awk '/part \\/$/ {print $1}')\nboot_disk=$(echo $root_part | tr -d [1-9])\n# Verify this is really a disk\nif [[ $(lsblk -nr -e 7,1 | awk '/^'${boot_disk}' / {print $NF}') != \"disk\" ]] ; then\n\techo \"Problem identifying boot disk. Exiting\"\n\texit 0\nfi\n\n# Identify data disks and probe for SR\nnon_boot_disks_list=$(lsblk  -nr -e 7,1 | awk '/disk $/ && !/^'${boot_disk}'/ {print $1}')\n\n# Retrieve potential disk list part of an SR\nread_dom () {\n\tlocal IFS=\\>\n\tread -d \\< ENTITY CONTENT\n}\n\nif [ ! -z $non_boot_disks_list ] ; then\n    for d in $non_boot_disks_list ; do\n\tDevList=$(xe sr-probe type=lvm device-config:device=/dev/$d | \\\n\twhile read_dom ; do\n\t    if [[ $ENTITY = \"Devlist\" ]] ; then\n\t\techo $CONTENT\n\t    fi\n\tdone)\n\techo \"DEBUG: DevList = $DevList\"\n    done\n    echo \"DEBUG: DevList = $DevList\"\n    \n    # Create SR \n    if [ ! -z $DevList ] ; then\n        xe sr-create host-uuid=$host_uuid shared=false type=lvm \\\n        \tcontent-type=user device-config:device=${DevList} name-label=\"Local storage\" \\\n        \t|| echo \"Problem during Local storage repository creation\" \\\n        \t|| echo \"exiting...\" || exit 0\n    fi\n\n    # We should be alright. Hence we can exit\nfi\n\n# If the boot disk has 6 partitions, there is a high\n# probability that this extra partition has been created during \n# the initial configuration with a Local storage repository.\nif [[ $(lsblk -nr -e 7,1 | awk '/^'${boot_disk}'. / && / part / {print $0}' | wc -l) -eq 6 ]] ; then\n\techo \"Attempting to re-create the Local storage repository destroyed during Golden Image creation\"\n\n\t# Logical storage repository identification: This partition is\n\t# not mounted and has a size different from 18G (hopefully!)\n\t# Need to find another criteria to characterize this partition!\n\tls_part=$(lsblk -rn -e 7,1 -o NAME,SIZE,TYPE,MOUNTPOINT \\\n        | awk '/^'${boot_disk}'. / && /part $/ {if ($2 != \"18G\") print $1}')\n\n\tif [ -z $ls_part ] ; then\n\t\techo \"Problem identifying Local Storage repository partition on boot disk. Exiting\"\n\t\texit 0\n\tfi\n\t# Create Local SR on boot disk\n\txe sr-create host-uuid=$host_uuid shared=false type=lvm \\\n\t\tcontent-type=user device-config:device=/dev/${ls_part} name-label=\"Local storage\" \\\n\t\t|| echo \"Problem during Local storage repository creation\" \\\n\t\t|| echo \"exiting...\" || exit 0\nfi\n\n\necho \"Exiting /temp/RestoreDisksAndStorageRepos\" \nexit 0\nEND\n\necho \" Populate the ./RC-FILE with the launch of the RestoreDisksAndStorageRepos script during first reboot\"\n!echo \"sh /temp/RestoreDisksAndStorageRepos\" >> ./RC-FILE\n\necho \" Exiting Xen-RestoreDisksAndStorageRepo-DeployPS-FDZ\"","customAttributes":null,"hpProvided":false,"dependentArtifacts":null}