{"type":"PlanScript","uri":null,"category":null,"eTag":null,"created":null,"modified":null,"id":"60324cd8-af94-422c-95ef-28840a67445b","name":"Linux-Mount-and-Validate-General-FDZ","description":"Mount the root partition of the OS-Volume, validate this OS-Volume against invalid  captures and prepare the RC file to be modified by the deployment Plan Scripts.\nWhen needed, copy the bootloader in the UEFI partition.","status":null,"state":null,"planType":"general","content":"# ##########################################\n# Linux-Mount-and-Validate-General-FDZ\n# Version: 0.5\n# ##########################################\n\n# (c) Copyright 2017 Hewlett Packard Enterprise Development LP\n#\n# Licensed under the Apache License, Version 2.0 (the \"License\");\n# you may not use this file except in compliance with the License.\n# You may obtain a copy of the License at http://www.apache.org/licenses/LICENSE-2.0\n#\n# Unless required by applicable law or agreed to in writing, software distributed\n# under the License is distributed on an \"AS IS\" BASIS, WITHOUT WARRANTIES OR\n# CONDITIONS OF ANY KIND, either express or implied. See the License for the\n# specific language governing permissions and limitations under the License.\n\n\n# NOTE: The output of guestfish commands goes to the OS-Volume\n#              Activity log file ONLY if the first mount command is successful.\n#              If the first mount command fails, you must check the\n#              Image Streamer Activity log file to understand why\n#              the first mount command failed.\n\n\n\n# The output of the following guestfish echo commands goes \n# into the OS-Volume Activity log file.\necho \"=======================================\"\necho \"Linux-Mount-and-Validate-General-FDZ\"\necho \"=======================================\"\necho \"Version of the libguestfs running in the Image Streamer:\"\nversion\necho\n \n# The following guestfish command lists the file systems\n# present in the OS-Volume. It is there mostly for\n# debug purposes.\necho\necho \"List of file system present in the OS-Volume:\"\nlist-filesystems\necho\n\n# Redirect the output of the list-filesystems \n# guestfish command into the Image Streamer cat command\n# which create a list-fs file with the list of file systems.\nlist-filesystems | cat > ./list-fs\n\n# Search for the OS device. The output of the \n# inspect-os guestfish command goes out, into a file in the \n# Image Streamer. \ninspect-os | cat > ./OS-Dev\n\n# For debug purposes we print the content of the ./OS-Dev\n# file. It should contain only one line. However, the version of \n# guestfish used by OV 4.1 is buggy; on certain OS-Volumes (i.e. CentOS 7) \n# inspect-os returns several lines. \necho\necho \"List of OS devices found by guestfish (inspect-get-os):\" \n!cat ./OS-Dev\necho\n\n# NOTE: The following is a dirty fix of the buggy inspect-os \n# returning more than one OS. Basically, we noticed that \n# guestfish incorrectly proposes the vfat/UEFI partition \n# as an OS. Hence we remove the vfat partition from the \n# ./OS-Dev file:\n!if [ $(cat ./OS-Dev | wc -l) -eq 2 ] ;then  VFAT_DEV=$(awk -F \":\" '/vfat/ {print $1}' list-fs); awk -v vfat_dev=$VFAT_DEV '$0 != vfat_dev {print $0}' ./OS-Dev > ./OS-Dev2 ; mv ./OS-Dev2 ./OS-Dev ; fi\n\n# Create the mount command and execute it. The !awk \n# command is executed by the Image Streamer. It prints\n# the mount command.\n# The \"<\" sign tells guestfish to execute the mount command.\necho \"Mount Command:\"\n\n# Print the mount command for debug purposes:\n!awk '/dev/ {print \"mount\", $0, \"/\"}' ./OS-Dev\n\n# Perform the mount command:\n<!awk '/dev/ {print \"mount\", $0, \"/\"}' ./OS-Dev\n\n# Retrieve the OS type.\n# The following \"cat\" command is executed by the guestfish shell. It sends \n# its output to the Image Streamer \"awk\" command which extracts the \n# ID property containing the OS Type. The output of the awk command\n# goes into the ./OS-Type in the Image Streamer.\n# The OS-Type is useful to distinguish Red Hat and SUSE specificity.\n# NOTE: It should be possible to use the guestfish inspect-get-distro\n# command to do the same.\ncat /etc/os-release | awk -F '\"' '/^ID=/ {print $2}' > ./OS-Type\n\n# Some OSs like CentOS and XerServer need the\n# bootloader in the /EFI/BOOT directory of the UEFI vfat partition. \n# \n<!if [[ ! $(grep -q \"centos\" ./OS-Type) ]] ; then echo 'echo \"CentOS: Copying the bootloader in the /EFI/BOOT directory of the UEFI partition.\"' ; fi\n<!if [[ ! $(grep -q \"centos\" ./OS-Type) ]] ; then awk -F \":\" '/vfat/ {print \"-mount\", $1, \"/boot\"}' ./list-fs; fi\n<!if [[ ! $(grep -q \"centos\" ./OS-Type) ]] ; then echo \"cp /boot/EFI/centos/grubx64.efi /boot/EFI/BOOT/.\" ; fi\n\n# ToDo: XenServer\n\n# The output of the following guestfish command\n# goes in the OS-Volume Activity log file.\necho \"Create temporary directory /temp/ImageStreamer\"\nmkdir-p /temp/ImageStreamer\n\n\n# The output of the following guestfish command\n# goes in the OS-Volume Activity log file.\necho \"Check Image Streamer capture details\"\n\n# The following guestfish command copies out the /ImageStreamerCapture\n# file from the OS-Volume to the Image Streamer. If this command\n# fails, guestfish will continue anyway.\n-download /ImageStreamerCapture ./ImageStreamerCapture\n\n# Creation of a shell script in the OS-Volume to check \n# if it has been correctly generated by a valid Golden Image.\n# This script will be pushed out to the Image Streamer for\n# execution.\n# Because the execution of this script is performed by the Image\n# Streamer, the output of its commands (i.e. echo) goes\n# in the OS-Volume Activity log file.\nupload -<<END /temp/ImageStreamer/check_capture\n#!/bin/bash\nif [ -f ./ImageStreamerCapture ]; then\n    echo  \"Capture details:\"\n    cat ./ImageStreamerCapture\nelse\n    echo\n    echo \"WARNING:  Golden Image not captured by Image Streamer.\"\n    echo \"Golden Image may not be prepared for correct personalization.\"\n    echo \"Recommend deploying Golden Image as is and capturing a new\"\n    echo \"Golden Image using Image Streamer via correct capture Build Plan\"\n    echo\nfi\necho\nEND\n\n# The following command copies out the above script\n# to the Image Streamer.\ndownload /temp/ImageStreamer/check_capture ./check_capture\n\n# The following commands asks the Image Streamer to launch the \n# above script.\n!source ./check_capture\n\n\n# The following guestfish commands cleans\n# several files in the OS-Volume. They will\n# be re-created by the corresponding systemctl services.\n# If a file does not exist, guestfish will continue anyway.\necho \"Cleanup various files (for safety)\"\n-rm-f /var/log/messages\n-rm-f /var/log/wtmp\n-rm-f /var/log/btmp\n-rm-f /var/log/secure\n\n# Guestfish removal of the /ImageStreamerCapture file.\n# We don't need it anymore since we are now in an OS-Volume\n# and not a Golden Image anymore.\n-rm-f /ImageStreamerCapture\n\n# The output of the following echo command goes\n# in the OS-Volume Activity log file.\n<!awk '/rhel/ || /centos/ {print \"echo copy out rc.local\"} ; /sles/ {print \"echo Copy out after.local\"}' ./OS-Type\n\n\n# Guestfish copy-out of the OS-Volume RC file\n# to the Image Streamer so the deployment Plan Scripts\n# can append commands in it.\n# Before the copy-out we touch it, just in case it does not exists. \n<!awk '/rhel/ || /centos/ {print \"touch /etc/rc.d/rc.local\"} ; /sles/ {print \"touch /etc/init.d/after.local\"}' ./OS-Type\n<!awk '/rhel/ || /centos/ {print \"download /etc/rc.d/rc.local ./RC-FILE\"} ; /sles/ {print \"download /etc/init.d/after.local ./RC-FILE\"}' ./OS-Type\n\n# copy-out to the Image Streamer a backup of the RC file\necho \"Copy out a backup of the RC file\"\n<!awk '/rhel/ || /centos/ {print \"download /etc/rc.d/rc.local ./RC-FILE.backup\"} ; /sles/ {print \"download /etc/init.d/after.local ./RC-FILE.backup\"}' ./OS-Type\n\n#Setup RC file to run scripts at next boot time.\n# The following echo command is executed by the Image Streamer.\n# Its output is appended to the just copied-out rc.local file.\n!echo \"#The following commands has been added by the Image Streamer\" >> ./RC-FILE\n\necho \"Make sure RC file begins with !#/bin/bash\" \n!sed -i '1s/#!\\/bin\\/bash//' ./RC-FILE\n!sed -i '1i #!/bin/bash' ./RC-FILE\n\necho \"print out the content the RC file for debug purposes.\" \n!cat ./RC-FILE","customAttributes":null,"hpProvided":false,"dependentArtifacts":null}