{"type":"PlanScript","uri":null,"category":null,"eTag":null,"created":null,"modified":null,"id":"7f827d85-8859-4100-b68e-f1cf14959489","name":"Linux-unmount-Capture-FDZ","description":"Various cleanup and unmount all guestfish mounted partitions. Tested with RHEL 7.5, CentOS 7.5, SLE 15 and XenServer 7.1","status":null,"state":null,"planType":"capture","content":"# ##########################################\n# LInux-unmount-Capture-FDZ\n# Version: 0.3\n###########################################\n# (c) Copyright 2017 Hewlett Packard Enterprise Development LP\n#\n# Licensed under the Apache License, Version 2.0 (the \"License\");\n# you may not use this file except in compliance with the License.\n# You may obtain a copy of the License at http://www.apache.org/licenses/LICENSE-2.0\n#\n# Unless required by applicable law or agreed to in writing, software distributed\n# under the License is distributed on an \"AS IS\" BASIS, WITHOUT WARRANTIES OR\n# CONDITIONS OF ANY KIND, either express or implied. See the License for the\n# specific language governing permissions and limitations under the License.\n\n# The following echo commands are executed by the guestfish shell.\n# Their output goes into the Golden image Activity log file.\necho \"=======================================\"\necho \"Linux-unmount-Capture-FDZ\"\necho \"=======================================\"\n\n#Remove the temporary directory created in the OS-Volume.\n# using the guestfish rm-rf command.\n#rm-rf /temp/ImageStreamer\n\n# The output of the following guestfish echo command goes\n# to the Golden image Activity log file.\necho \"\\tunmount all guestfish partitions\"\nunmount-all","customAttributes":null,"hpProvided":false,"dependentArtifacts":null}