{"type":"PlanScript","uri":null,"category":null,"eTag":null,"created":null,"modified":null,"id":"b50826b5-fb1a-4d49-aace-22a6de64d2b7","name":"Linux-configure-multiple-NICs-Deploy-FDZ","description":"Configure all the NICs corresponding to the Connections defined in the OneView Profile.\n\nThe number of NICs to configure corresponds to the number of connected NICs defined in the Server Profile.  \n\nRestrictions: With this version, it is not possible to configure less NICs than connections present in the Profile. Moreover, the NICs to configure must be in sequence. For example It is not possible to configure NIC1 and NIC3 and not NIC2.\n\nNOTE: For a maximum of flexibility, when this Plan Script is included in \na Build Plan, make sure, for each NIC, you edit its Build Plan's Custom Attributes and select all the offered possibilities: \"Allow static\", \"Allow DHCP\", \"Allow no network connection\".","status":null,"state":null,"planType":"deploy","content":"# #############################################\n# Linux-configure-multiple-NICs-Deploy-FDZ\n# Version 0.7\n# #############################################\n# (c) Copyright 2017 Hewlett Packard Enterprise Development LP\n#\n# Licensed under the Apache License, Version 2.0 (the \"License\");\n# you may not use this file except in compliance with the License.\n# You may obtain a copy of the License at http://www.apache.org/licenses/LICENSE-2.0\n#\n# Unless required by applicable law or agreed to in writing, software distributed\n# under the License is distributed on an \"AS IS\" BASIS, WITHOUT WARRANTIES OR\n# CONDITIONS OF ANY KIND, either express or implied. See the License for the\n# specific language governing permissions and limitations under the License.\n\n# The following echo commands are performed by the guestfish shell.\n# Their output is present in the OS-Volume Activity log file.\necho \"=======================================\"\necho \"Linux-configure-multiple-NICs-Deploy-FDZ\"\necho \"=======================================\"\n\n# The following echo command is performed by the guestfish shell.\n#  Its output is present in the OS-Volume Activity log file.\necho \"\\tPrepare network configuration script to be executed at next reboot\"\n\n# The following command creates a bash script in the OS-Volume.\n# This script will be called at next reboot by the RC file\n# It configures the NICs given its arguments of the command line ($1, $2...).\n\n# The output of the echo commands present in the following script goes\n# in the operating system log file. Typically /var/log/messages.\n# use the following command to view them once the OS-Volume \n# has been deployed and booted:\n# grep rc.local /var/log/messages\n\nupload -<<END /temp/NIC-configure\n#! /bin/bash\necho \"Entering NIC-configure ...\"\n\nnet_mac=$1\nvlan=$2\nnet_ip=$3\nnet_gw=$4\nnet_domain=$5\ndns1=$6\ndns2=$7\nnetmask=$8\n\nmask2cidr() {\n    nbits=0\n    IFS=.\n    for dec in $1 ; do\n        case $dec in\n            255) let nbits+=8;;\n            254) let nbits+=7;;\n            252) let nbits+=6;;\n            248) let nbits+=5;;\n            240) let nbits+=4;;\n            224) let nbits+=3;;\n            192) let nbits+=2;;\n            128) let nbits+=1;;\n            0);;\n            *) echo -e \"\\tError: $dec is not recognised\"; exit 1\n        esac\n    done\n    echo \"$nbits\"\n}\n\n\n# Retrieve OS-Type and set OS-Type dependent variables.\nOS_Type=$(cat /temp/OS-Type)\ncase $OS_Type in\n    rhel|centos)\n        NET_DIR=\"network-scripts\"\n        RC_FILE=\"rc.local\" \n        ;;\n    sles)\n        NET_DIR=\"network\"\n        RC_FILE=\"after.local\" \n        ;;\n    *)\n        echo \"OS Type not supported. Exiting. \"\n        exit 1\n        ;;\nesac\n\n\n# Check the presence of Netwok Manager only on RHEL and CentOS:\nif [ \"$OS_Type\" == \"rhel\" -o  \"$OS_Type\" == \"centos\" ] ; then \n    echo -e \"\\tChecking presence of NetworkManager...\"\n    if [[ ! $(systemctl -t service --all | grep  NetworkManager.service) ]] ; then\n        echo -e \"\\tNetworkManager not installed; Exiting...\"\n        exit 2\n    fi\n\n    if [[ $(systemctl start NetworkManager.service) ]] ; then\n        echo -e “\\tCould not start NetworkManager. Exiting...”\n        exit 3\n    fi\nfi\n\n\necho -e \"\\tCheck the matching interface name for $net_mac.\"\ninterfaces=`ls /sys/class/net/`\necho 'echo $interfaces'\necho $interfaces\n\nfor iface in $interfaces\ndo\n        mac=`cat /sys/class/net/$iface/address`\n        if [ ${mac,,} == ${net_mac,,} ]\n        then\n                interface_name=$iface\n                echo $interface_name >> /temp/interface_names\n        fi\ndone\n\n# Print  the list of found interface names for debug purposes.\necho \"cat /temp/interface_names\"\ncat /temp/interface_names\n\nif [ \"$OS_Type\" == \"rhel\" -o  \"$OS_Type\" == \"centos\" ] ; then\n    echo -e \"\\tCheck if NetworkManager is still running; Who knows....\"\n    if [[ $(systemctl --quiet is-failed NetworkManager.service) ]] ; then\n        echo -e “\\tNetworkManager not running. Exiting”\n        exit 4\n    fi\n    echo -e \"\\tNetworkManager up and running.\"\nfi\n\n# If no IP address supplied, configure NIC with DHCP.\n# Remember that $net_ip is the third arg ($3).\n\ncase $OS_Type in\n    rhel|centos)\nif [[ -z $net_ip ]]\nthen\n        if [ $vlan -ne 0 ];then\n                echo \"Configure $interface_name for DHCP\"\n                nmcli connection add type vlan con-name $interface_name$vlan ifname $interface_name.$vlan id $vlan dev $interface_name\n        else\n                nmcli connection add con-name $interface_name ifname $interface_name type ethernet autoconnect yes\n        fi\nelse\n        echo \"Configure $interface_name for static.\"\n\n        if [ $vlan -ne 0 ];then\n                nmcli connection add type vlan con-name $interface_name$vlan ifname $interface_name.$vlan id $vlan dev $interface_name ip4 $net_ip/$(mask2cidr $netmask) gw4 $net_gw\n        else\n                nmcli con add con-name $interface_name ifname $interface_name  type ethernet autoconnect yes ip4 $net_ip/$(mask2cidr $netmask) gw4 $net_gw\n        fi\n\ncat <<CONF>/etc/resolv.conf\n# Generated by Image Streamer\nsearch $net_domain\nnameserver $dns1\nnameserver $dns2\nCONF\nfi\n        ;;\nsles)\nif [[ -z $net_ip ]]\nthen\necho \"Configure $interface_name for DHCP\"\ncat <<CONF>/etc/sysconfig/network/ifcfg-$interface_name\n#This file has been created by Image Streamer.\nNAME=\"$interface_name\"\nDEVICE=\"$interface_name\"\nBOOTPROTO=\"dhcp\"\nSTARTMODE=auto\nCONF\n\nelse\n\necho \"Configure $interface_name for static.\"\ncat <<CONF>/etc/sysconfig/network/ifcfg-$interface_name\n#This file has been created by Image Streamer.\nNAME=\"$interface_name\"\nDEVICE=\"$interface_name\"\nBOOTPROTO=\"static\"\nSTARTMODE=auto\nIPADDR=\"$net_ip\"\nNETMASK=\"$netmask\"\nCONF\n\ncat <<CONF>/etc/resolv.conf\n#This file has been modified by Image Streamer.\nsearch $net_domain\nnameserver $dns1\nnameserver $dns2\nCONF\n\ncat <<CONF>/etc/sysconfig/network/routes\n#This file has been modified by Image Streamer.\ndefault $gateway - -\nCONF\n\nfi\n        ;;\n*)\n        echo \"OS Type $OS_Type not supported. Exiting\"\n        exit 1\n        ;;\nesac\n\n\necho \"Exiting NIC-configure.\"\nexit 0\nEND\n\n\n# The following 2 echo commands are executed by the guestfish shell.\n# Their output goes in the OS-Volume Activity log.\necho \"\\tPrepare the script that will populate the RC-FILE with the NICs configuration commands.\"\necho \"\\tThe number of NICs to configure is automatically calculated using the Network  Custom Attributes of this Plan Script .\"\n# TODO: Offer the possibility to configure less NICs than present in the profile.\n\n# The following command creates a bash script in the OS-Volume. \n# This script will be copied-out to the Image Streamer and executed their.\n# Its goal is to generate all the necessary entries in the RC-FILE for each NIC \n# that has to be configured.\n# NOTE: The Custom Attributes are expanded during the creation of the script.\nupload -<<END /temp/ImageStreamer/network-configuration\n#! /bin/bash\n\n# Retrieve OS-Type and set OS-Type dependent variables.\nOS_Type=$(cat OS-Type)\ncase  $OS_Type in\n    rhel|centos)\n        NET_DIR=\"network-scripts\"\n        RC_FILE=\"rc.local\" \n        ;;\n    sles)\n        NET_DIR=\"network\"\n        RC_FILE=\"after.local\" \n        ;;\n    *)\n        echo \"OS Type not supported. Exiting. \"\n        exit 1\n        ;;\nesac\n\n\n# Compute the number of Ethernet NICs to configure.\n# Limitation: This simple compute method exits when the first \"not connected\" NIC\n# is found. Hence, if subsequent NICs are connected, they will not be\n# configured. \nlet n=0\nfor NIC in @NIC1.mac@ @NIC2.mac@ @NIC3.mac@ @NIC4.mac@ ; do\n    if [ \"$NIC\" == \"none\" ]; then\n        break\n    fi\n    let n++\n    NICs_count=$n\n    echo -e \"\\tNumber of NICs to configure: $NICs_count\"\ndone\n\nif [ $NICs_count -eq 0 ]; then\n    echo -e \"\\tNo NIC to configure. Strange! Exiting.\"\n    echo \"rm -f /temp/configure\" >> ./RC-FILE\n    exit 0\nfi\n\nfor i in `seq 1 $NICs_count`\ndo\n        if [ $i -eq 1 ];then\n                if [[ \"@NIC1.ipaddress@\" =~ [0-9]*\\.[0-9]*\\.[0-9]*\\.[0-9]* ]]; then\n                        echo \"sh /temp/NIC-configure @NIC1.mac@ @NIC1.vlanid@ @NIC1.ipaddress@ @NIC1.gateway@ @NIC1.domain@ @NIC1.dns1@ @NIC1.dns2@ @NIC1.netmask@\" >> ./RC-FILE\n                else\n                        echo \"sh /temp/NIC-configure @NIC1.mac@ @NIC1.vlanid@\" >> ./RC-FILE\n                fi\n        elif [ $i -eq 2 ];then\n                if [[ \"@NIC2.ipaddress@\" =~ [0-9]*\\.[0-9]*\\.[0-9]*\\.[0-9]* ]]; then\n                        echo \"sh /temp/NIC-configure @NIC2.mac@ @NIC2.vlanid@ @NIC2.ipaddress@ @NIC2.gateway@ @NIC2.domain@ @NIC2.dns1@ @NIC2.dns2@ @NIC2.netmask@\" >> ./RC-FILE\n                else\n                        echo \"sh /temp/NIC-configure @NIC2.mac@ @NIC2.vlanid@\" >> ./RC-FILE\n                fi\n        elif [ $i -eq 3 ];then\n                if [[ \"@NIC3.ipaddress@\" =~ [0-9]*\\.[0-9]*\\.[0-9]*\\.[0-9]* ]]; then\n                        echo \"sh /temp/NIC-configure @NIC3.mac@ @NIC3.vlanid@ @NIC3.ipaddress@ @NIC3.gateway@ @NIC3.domain@ @NIC3.dns1@ @NIC3.dns2@ @NIC3.netmask@\" >> ./RC-FILE\n                else\n                        echo \"sh /temp/NIC-configure @NIC3.mac@ @NIC3.vlanid@\" >> ./RC-FILE\n                fi\n        elif [ $i -eq 4 ];then\n                if [[ \"@NIC4.ipaddress@\" =~ [0-9]*\\.[0-9]*\\.[0-9]*\\.[0-9]* ]]; then\n                        echo \"sh /temp/NIC-configure @NIC4.mac@ @NIC4.vlanid@ @NIC4.ipaddress@ @NIC4.gateway@ @NIC4.domain@ @NIC4.dns1@ @NIC4.dns2@ @NIC4.netmask@\" >> ./RC-FILE\n                else\n                        echo \"sh /temp/NIC-configure @NIC4.mac@ @NIC4.vlanid@\" >> ./RC-FILE\n                fi\n        fi\ndone\necho \"systemctl restart network \" >> ./RC-FILE\necho \"rm -f /temp/NIC-configure\" >> ./RC-FILE\nexit 0\nEND\n\n# The following echo command is executed by the guestfish shell.\n# Its output goes in the OS-Volume Activity log file.\necho \"\\tLaunch the network-configuration script and populate the RC file\"\n\n# The following command copies-out the above script into the Image Streamer.\ndownload /temp/ImageStreamer/network-configuration ./network-configuration\n\n# The following command asks the Image Streamer to execute the above script.\n!source ./network-configuration","customAttributes":null,"hpProvided":false,"dependentArtifacts":null}