{"type":"PlanScript","uri":null,"category":null,"eTag":null,"created":null,"modified":null,"id":"8b7502a5-50fd-4fb9-8eff-5bfec1f20345","name":"Xen-configure-hostname-DeployPS-FDZ","description":"Hostname configuration of XenServer as well as new UUID and certificate generation.\n\nNOTE: Not suitable for Linux distros. It contains xe commands.","status":null,"state":null,"planType":"deploy","content":"# ############################################\n# Xen-configure-hostname-DeployPS-FDZ\n# Version: 0.1\n# ############################################\n\n# (c) Copyright 2017 Hewlett Packard Enterprise Development LP\n#\n# Licensed under the Apache License, Version 2.0 (the \"License\");\n# you may not use this file except in compliance with the License.\n# You may obtain a copy of the License at http://www.apache.org/licenses/LICENSE-2.0\n#\n# Unless required by applicable law or agreed to in writing, software distributed\n# under the License is distributed on an \"AS IS\" BASIS, WITHOUT WARRANTIES OR\n# CONDITIONS OF ANY KIND, either express or implied. See the License for the\n# specific language governing permissions and limitations under the License.\n\n# The output of the following 4 guestfish echo commands goes\n# to the OS-Volume Activity log.\necho \"=======================================\"\necho \"Xen-configure-hostname-DeployPS-FDZ\"\necho \"=======================================\"\necho \"\\tManual configuration of /etc/hostname\"\n\n\necho \"\\t Populate /etc/sysconfig/network\"\nupload -<<END /etc/sysconfig/network\n\nNETWORKING=yes\nHOSTNAME=@HostName@\n\nEND\n\necho \"\\t Populate /etc/hostname with hostname\"\nupload -<<END /etc/hostname\n@HostName@\nEND\n\necho \"\\t Create /temp/xenserver_make_unique.sh\" \nupload -<<END /temp/xenserver_make_unique.sh\n#!/bin/bash\n#set -x\necho \"Entering xenserver_make_unique.sh\"\n \n#add hostname to /etc/hosts\nip_address=@ManagementNIC1.ipaddress@\nfqdn=@HostName@.@ManagementNIC1.domain@\nalias=$(echo ${fqdn%%.})\nsed -i \"/::1/a\\\\$ip_address $fqdn $alias\" /etc/hosts\nsed -i \"/::1/a\\\\#This file has been altered by Image Streamer.\" /etc/hosts\n\n# Script to fix hostname and uuid after deploying Xenserver 6.2/6.5\n# Developed by several Schuberg Philis colleagues and supported by friends ;)\n\necho \"xenserver_make_unique.sh: stopping xapi.service \" \nsystemctl stop xapi.service\n\necho \"xenserver_make_unique.sh: Generate new uuid for both the host and dom0\"\nsed -i \"/INSTALLATION_UUID/c\\INSTALLATION_UUID='$(uuidgen)'\" /etc/xensource-inventory\nsed -i \"/CONTROL_DOMAIN_UUID/c\\CONTROL_DOMAIN_UUID='$(uuidgen)'\" /etc/xensource-inventory\n\necho \"xenserver_make_unique.sh: Get rid of the current state db\" \nrm -rf /var/xapi/state.db >/dev/null 2>&1\n\necho \"xenserver_make_unique: Regenerate self-signed ssl certificate\"\ncert=\"/etc/xensource/xapi-ssl.pem\"\ncert_backup=\"${cert}.`date -u +%Y%m%dT%TZ`\"\nmv -f \"${cert}\" \"${cert_backup}\" >/dev/null 2>&1\n\n# If the following env variables are not set\n# we get an error \"unable to write random state\" !\nexport RNDFILE=\"/root/.rnd\"\nexport HOME=\"/root\"\n\n\n# To be investigated: With XenServer 7.6 the first invocation of generate_ssl_cert ends up \n# with the error: \"File has been created just now by someone else: cannot overwrite\" !\n# The second invocation exits normally\n/opt/xensource/libexec/generate_ssl_cert \"${cert}\" `hostname -f`\nrm -f /etc/xensource/xapi-ssl.pem\n/opt/xensource/libexec/generate_ssl_cert \"${cert}\" `hostname -f`\n\n\necho \"xenserver_make_unique.sh: Starting xapi service\"\nsystemctl start xapi.service\n\necho \"xenserver_make_unique.sh: Remove entry in rc.local so after reboot form xe-reset-networking this script is not called again\"\nsed -i '/xenserver_make_unique.sh/d' /etc/rc.d/rc.local\n\necho \"xenserver_make_unique.sh: Reset networking after UUID changes otherwise xe pif-list shows no interfaces\"\necho yes | /opt/xensource/bin/xe-reset-networking\n\necho \"Exiting xenserver_make_unique.sh\"\necho\nEND\n\n\necho \"\\t Tell ./RC-FILE to launch /temp/xenserver_make_unique.sh during first boot\" \n!echo \"sh /temp/xenserver_make_unique.sh\" >> ./RC-FILE","customAttributes":null,"hpProvided":false,"dependentArtifacts":null}