{"type":"PlanScript","uri":null,"category":null,"eTag":null,"created":null,"modified":null,"id":"0f4d4d82-5e83-42cf-96dc-7373b5177f2b","name":"Linux-generalize-users-FDZ","description":"Remove user accounts created during a previous deployment.","status":null,"state":null,"planType":"capture","content":"# ##########################################\n# Linux-generalize-users-FDZ\n# Version: 0.5\n###########################################\n# (c) Copyright 2017 Hewlett Packard Enterprise Development LP\n#\n# Licensed under the Apache License, Version 2.0 (the \"License\");\n# you may not use this file except in compliance with the License.\n# You may obtain a copy of the License at http://www.apache.org/licenses/LICENSE-2.0\n#\n# Unless required by applicable law or agreed to in writing, software distributed\n# under the License is distributed on an \"AS IS\" BASIS, WITHOUT WARRANTIES OR\n# CONDITIONS OF ANY KIND, either express or implied. See the License for the\n# specific language governing permissions and limitations under the License.\n\n#This script removes the users created by a previous deployment\n\n# The output of the following echo commands goes\n# in the Golden Image Activity log file.\necho \"=======================================\"\necho \"Linux-generalize-users-FDZ\"\necho \"=======================================\"\necho \"Copy out  user passwd and group files\"\n\n# The following 5 commands copy files and dirs from\n# the Golden Image out to the Image Streamer \n# for further processing.\ndownload /etc/passwd ./passwd\ndownload /etc/group ./group\ndownload /etc/shadow ./shadow\ncopy-out /home .\ncopy-out /var/mail/ .\n\n# Now that we have a copy of /home and /var/mail\n# in the Image Streamer, we can remove them\n# from the Golden Image. We will'll upload them\n# back when cleaned-up.\nrm-rf /home\nrm-rf /var/mail\n\n\n# The following command writes a bash shell script into the Golden\n# Image, in the /temp directory.\nupload -<<END /temp/cleanup-homedirs-and-maildirs\n#!/bin/bash\n\n# Retrieve the list of users to cleanup:\nusers=$(awk -F ':' '/^#START/ {i=1; next;}; i && i++ <= i && ! /^#END/ {print $1}' ./passwd)\n\n# The output of the the following command goes into\n# the Golden Image Activity log file.\necho \"Removing /home dirs and /var/mail files of the users to be cleaned-up\" \nfor user in $users; do\n    rm -rf /home/$user\n    rm -rf /var/mail/$user\ndone\n\n#unlink $0\nexit 0\nEND\n\n# The above shell script is copied-out to the Image Streamer before execution.\ndownload /temp/cleanup-homedirs-and-maildirs ./cleanup-homedirs-and-maildirs\n!source ./cleanup-homedirs-and-maildirs\n\n# The following command writes a bash shell script into\n# the temporary directory in the Golden Image, for further execution.\nupload -<<END /temp/ImageStreamer/generalize_users\n#! /bin/bash\n\n# Retrieve the list of users to generalize:\nusers=$(awk -F ':' '/^#START/ {i=1; next;}; i && i++ <= i && ! /^#END/ {print $1}' ./passwd)\n\nfor user in $users\ndo\necho \"Removing $user from shadow file\"\t\nsed -i \"/$user/d\" ./shadow\ndone\necho -e \"\\tRemoving users added by ImageStreamer in passwd and group files\"\nsed -i '/^#START/,/^#END/{/^#START/d;d;}' ./passwd\nsed -i '/^#START/,/^#END/{/^#START/d;d;}' ./group\n\n#unlink $0\nexit 0\nEND\n\n# Copy out the above script from the Golden Image to the Image Streamer \n# before execution by the Image Streamer shell.\ndownload /temp/ImageStreamer/generalize_users ./generalize_users\n!source ./generalize_users\n\n# Copy-in password, group files, /var/mails and /home directories\nupload ./passwd /etc/passwd\nupload ./group /etc/group\nupload ./shadow /etc/shadow\ncopy-in ./home /\ncopy-in ./mail /var/","customAttributes":null,"hpProvided":false,"dependentArtifacts":null}