{"type":"PlanScript","uri":null,"category":null,"eTag":null,"created":null,"modified":null,"id":"d92b8d5d-943b-4b40-814e-23848826bc42","name":"Linux-Mount-for-Capture-FDZ","description":"Mount root partition for generalization before capture.","status":null,"state":null,"planType":"capture","content":"# ###########################################\n# Linux-Mount-for-Capture-FDZ\n# Version: 0.3\n############################################\n# (c) Copyright 2017 Hewlett Packard Enterprise Development LP\n#\n# Licensed under the Apache License, Version 2.0 (the \"License\");\n# you may not use this file except in compliance with the License.\n# You may obtain a copy of the License at http://www.apache.org/licenses/LICENSE-2.0\n#\n# Unless required by applicable law or agreed to in writing, software distributed\n# under the License is distributed on an \"AS IS\" BASIS, WITHOUT WARRANTIES OR\n# CONDITIONS OF ANY KIND, either express or implied. See the License for the\n# specific language governing permissions and limitations under the License.\n\n# NOTE: The output of guestfish commands goes to the Golden Image\n#              Activity log file ONLY if the first mount command is successful.\n#              If the first mount command fails, you must check the\n#              Image Streamer Activity log file to understand why\n#              the first mount command failed.\n\n\n\n# The output of the following guestfish echo commands goes into\n# The Golden Image Activity log file.\necho \"=======================================\"\necho \"Linux-Mount-for-Capture-FDZ\"\necho \"=======================================\"\n\n# Un-comment the following guestfish commands if you need them.\n# They list respectively the Volume Group and lvols present\n# in the Golden image.\n#Their output goes into the Golden Image Activity log file.\n#vgs\n#lvs\n\n# The output of the following 2 guestfish commands \n# goes into the Golden Image Activity log file.\n# The list-filesystems guestfish command lists all the file systems\n# found in the Golden Image as well as their types (i.e. ext4).\n# We issue this command mostly for debug purposes.\necho \"List file systems:\" \nlist-filesystems\necho\n\n# The following list-filesystems is a guestfish command.\n# However, the cat command following the | (pipe) sign\n# is executed by the Image Streamer shell. Hence, the overall output\n# goes into the list-fs file in the Image Streamer.\nlist-filesystems | cat > list-fs\n\n# Search for the OS device. The output of the \n# inspect-os guestfish command goes out, into a file in the \n# Image Streamer. \ninspect-os | cat > ./OS-Dev\n\n# NOTE: The following is a dirty fix of a potentially buggy inspect-os \n# returning more than one OS in the Golden Image. Basically, we noticed that \n# guestfish incorrectly propose the vfat/UEFI partition \n# as an OS. Hence we remove the vfat partition from the \n# ./OS-Dev file:\n!if [ $(cat ./OS-Dev | wc -l) -eq 2 ] ;then  VFAT_DEV=$(awk -F \":\" '/vfat/ {print $1}' list-fs); awk -v vfat_dev=$VFAT_DEV '$0 != vfat_dev {print $0}' ./OS-Dev > ./OS-Dev2 ; mv ./OS-Dev2 ./OS-Dev ; fi\n\n# Create the mount command and execute it. The !awk \n# command is executed by the Image Streamer. It prints\n# the mount command in the Golden Image Activity log file.\n# The \"<\" sign tells guestfish to execute the mount command.\necho \"Mount Command:\"\n\n# Print the mount command for debug purposes:\n!awk '/dev/ {print \"mount\", $0, \"/\"}' ./OS-Dev\n\n# Perform the mount command:\n<!awk '/dev/ {print \"mount\", $0, \"/\"}' ./OS-Dev\n\n# Retrieve the OS type.\n# The following \"cat\" command is executed by the guestfish shell. It sends \n# its output to the Image Streamer \"awk\" command which extracts the \n# ID property containing the OS Type. The output of the awk command\n# goes into the ./OS-Type in the Image Streamer.\n# The OS-Type is useful to distinguish Red Hat and SUSE specificity.\n# NOTE: It should be possible to use the guestfish inspect-get-distro\n# command to do the same.\ncat /etc/os-release | awk -F '\"' '/^ID=/ {print $2}' > ./OS-Type\n\n\n# The following guestfish command creates temporary directory\n# in the Golden Image.\n-mkdir-p /temp/ImageStreamer\n\n# Pull of the ./OS-Type from the Image Streamer\n# to the temporary directory:\nupload ./OS-Type /temp/OS-Type","customAttributes":null,"hpProvided":false,"dependentArtifacts":null}