{"type":"OeBuildPlan","uri":null,"category":null,"eTag":null,"created":null,"modified":null,"buildPlanid":"52853a69-fab6-4015-8905-b02739c748c5","name":"XenServer-DeployBP-FDZ","description":"Deploys XenServer. Tested with 7.6","status":null,"hpProvided":false,"oeBuildPlanType":"deploy","buildStep":[{"planScriptUri":"/rest/plan-scripts/742ca947-41c5-4bd0-a203-00a4bd52618f","serialNumber":"1","parameters":null,"planScriptName":"Mount-and-Validate-GeneralPS-FDZ"},{"planScriptUri":"/rest/plan-scripts/5cbe975f-68f7-4ee8-b55a-9a23b65abacb","serialNumber":"2","parameters":null,"planScriptName":"Prepare-for-DeploymentPS-FDZ"},{"planScriptUri":"/rest/plan-scripts/edfc5785-8355-48d3-9b00-516db55d175f","serialNumber":"3","parameters":null,"planScriptName":"Xen-ConfigureManagementNetworkNoBond-DeployPS-FDZ"},{"planScriptUri":"/rest/plan-scripts/8b7502a5-50fd-4fb9-8eff-5bfec1f20345","serialNumber":"4","parameters":null,"planScriptName":"Xen-configure-hostname-DeployPS-FDZ"},{"planScriptUri":"/rest/plan-scripts/ce04b105-42f4-4eaa-9af7-747470a25179","serialNumber":"5","parameters":null,"planScriptName":"Xen-RestoreDisksAndStorageRepos-DeployPS-FDZ"},{"planScriptUri":"/rest/plan-scripts/1195fdb9-e85b-4df4-8072-82155fc1ab9a","serialNumber":"6","parameters":null,"planScriptName":"Finalize-DeploymentPS-FDZ"},{"planScriptUri":"/rest/plan-scripts/417470fe-590b-4c86-b331-8cabb35b2a7e","serialNumber":"7","parameters":null,"planScriptName":"Unmount-GeneralPS-FDZ"}],"customAttributes":[{"name":"ManagementNIC1","description":"","value":null,"constraints":"{\"ipv4static\":true,\"ipv4dhcp\":true,\"ipv4disable\":true,\"parameters\":[\"dns1\",\"dns2\",\"domain\",\"gateway\",\"ipaddress\",\"mac\",\"netmask\"]}","type":"nic"},{"name":"HostName","description":"","value":"xenfdz","constraints":"{\"regex\":\"\",\"helpText\":\"\"}","type":"string"}],"dependentArtifacts":null}