{"type":"PlanScript","uri":null,"category":null,"eTag":null,"created":null,"modified":null,"id":"ab35ac7a-e3b8-4892-b81d-68c701a4ae34","name":"Generalize-network-before-CapturePS-FDZ","description":"Remove network settings depending on the OS-Type before golden image capture. Tested with RHEL 7.5, CentOS 7.5, SLE 15,  XenServer 7.1, 7.6. Although Ubuntu 19.04 does not generate fatal errors, it is not well integrated.","status":null,"state":null,"planType":"capture","content":"# ############################################\n# Generalize-network-before-CapturePS-FDZ\n# Version: 0.53\n#############################################\n# (c) Copyright 2017 Hewlett Packard Enterprise Development LP\n#\n# Licensed under the Apache License, Version 2.0 (the \"License\");\n# you may not use this file except in compliance with the License.\n# You may obtain a copy of the License at http://www.apache.org/licenses/LICENSE-2.0\n#\n# Unless required by applicable law or agreed to in writing, software distributed\n# under the License is distributed on an \"AS IS\" BASIS, WITHOUT WARRANTIES OR\n# CONDITIONS OF ANY KIND, either express or implied. See the License for the\n# specific language governing permissions and limitations under the License.\n\n#The output of the following guestfish echo commands goes\n# into the Golden Image Activity log file.\necho\necho \"=======================================\"\necho \"Generalize-network-before-CapturePS-FDZ\"\necho \"=======================================\"\n\n# Create a temporary directory in the Image Streamer\n!mkdir new_network\n\n\n# The output of the following guestfish command goes\n# in the Golden Image Activity log file.\necho \"    Copy out the network directory\"\n\n# Depending on the OS-Type, push-out the entire network directory\n# to the just created new_network directory in the Image Streamer.\n<!awk '/sles/ {print \"copy-out /etc/sysconfig/network/ new_network/\"} ; /rhel/ || /centos/ || /xen/ {print \"copy-out /etc/sysconfig/network-scripts new_network/\"}' ./OS-Type\n\n# Create a bash script in the Golden Image  that will be \n# pushed-out to the Image Streamer before execution.\nupload -<<END /temp/ImageStreamer/gen_network_conf \n#!/bin/bash\n\nOS_Type=$(cat OS-Type)\ncase $OS_Type in\n    rhel|centos|xen*)\n        NET_DIR=\"network-scripts\"\n        ;;\n    sles)\n        NET_DIR=\"network\"\n        ;;\n    ubuntu)\n        # TBD\n        ;;\n    *)\n        echo \"OS Type $OS_Type not supported. Exiting. \"  \n        exit 1 \n        ;;\nesac\n    \nnet_cfg_files=`ls new_network/$NET_DIR/ | grep \"ifcfg-\"`\n\nfor net_cfg_file in $net_cfg_files\ndo\n\tif [ $net_cfg_file  != \"ifcfg-lo\" ]\n\tthen\n\t\trm -rf new_network/$NET_DIR/$net_cfg_file \n\t\techo -e \"\\tNetwork interface cfg file $net_cfg_file successfully removed!!!\" \n\tfi\ndone\nexit 0\nEND\n\n# Push-out the above script before execution in the Image Streamer\ndownload /temp/ImageStreamer/gen_network_conf ./gen_network_conf\n!source ./gen_network_conf\n\n# The output of the following guestfish echo command goes\n# in the Golden Image Activity log file.\necho \"    Removal of the Golden Image network directory\"\n\n# Remove the Golden Image network directory \n# depending on the OS-Type.\n#ToDo: adapt to Ubuntu and its /etc/netplan/* files\n<!awk '/sles/ {print \"rm-rf /etc/sysconfig/network\"} ; /rhel/ || /centos/ || /xen/ {print \"rm-rf /etc/sysconfig/network-scripts\"}' ./OS-Type\n\n# Pull-in the cleaned network directory into the Golden Image\n# at the right location depending on the OS-Type.\necho \"    Pull-in the cleaned network directory into the Golden Image\" \n<!awk '/sles/ {print \"copy-in new_network/network/ /etc/sysconfig/ \"} ; /rhel/ || /centos/ || /xen/ {print \"copy-in new_network/network-scripts/ /etc/sysconfig\"}' ./OS-Type\n\n\n# Various clean up in the Golden Image.\n# The output of the guestfish echo commands goes\n# in the Golden Image Activity log file.\necho \"    Remove /etc/init.d/ibftT if exists\"\n-rm-rf /etc/init.d/ibftT\n\necho \"    Remove SSH  host keys\"\n-glob rm-rf /etc/ssh/ssh_host_*\n\n# ToDo: need to adapt with Ubuntu; this file is only present during run time\n# as a link to /run/systemd/resolve/resolv.conf\necho  \"    Clear the resolv.conf file\"\n-upload -<<END /etc/resolv.conf\nEND","customAttributes":null,"hpProvided":false,"dependentArtifacts":null}